iteration,fitness,walkingpath
19,40.385499999999993
53,39.79549999999999
107,37.489499999999985
185,35.709499999999991
231,32.8215
